"Survey ID","Survey name","Year","Contractor","Type"
"400001","A'Mhoine","2011","SNH","Random"
"400002","An Teallach","2012","Colin Wells","Systematic"
"400003","Beinn A' Ghlo","2008","Alistair Headley","Random"
"400004","Beinn A' Ghlo","2012","Ruth Maier","Random"
"400005","Beinn Dearg","2007","Macaulay","Random"
"400006","Beinn Dearg","2013","Colin Wells","Random"
"400007","Beinn Dearg","2015","Adele Beck & Cathy Mayne","Random"
"400008","Ben Alder and Aonach Beag","2008","Ruth Maier","Random"
"400009","Ben Griams","2010","Alistair Headley","Random"
"400010","Ben Hope","2011","Ruth Maier","Random"
"400011","Ben Hope","2004","Janine Moris","Random"
"400012","Ben Klibreck","2008","Brendan O'Hanrahan","Random"
"400013","Ben Lomand","2008","Alistair Headley","Random"
"400014","Ben Loyal","2004","Janine Moris","Random"
"400015","Ben Loyal","2010","Nicki Dayton","Random"
"400016","Ben Nevis","2008","Colin Wells","Random"
"400017","Ben Vorlich","2008","Alistair Headley","Random"
"400019","Ben Wyvis","2008","Ruth Maier","Random"
"400020","Ben Wyvis","2015","(unknown)","Random"
"400021","Caenlochan","2015","Haycock & Jay","Nested"
"400022","Caenlochan","2012","Alistair Headley","Nested"
"400023","Caenlochan","2008","Alistair Headley","Nested"
"400031","Cairngorms","2015","Alistair Headley","Random"
"400032","Cairngorms","2008","Ruth Maier","Random"
"400034","Coire Bhachdaidh","2013","Strath Caulaidh","Random"
"400035","Creag Meagaidh","2005","Janine Moris","Random"
"400036","Creag Meagaidh","2011","Alistair Headley","Random"
"400038","Drumochter Hills","2006","Quadrat Scotland","Random"
"400039","Drumochter Hills","2013","Strath Caulaidh","Random"
"400040","Dunbeath Peatlands","2008","Ruth Maier","Random"
"400041","Fannich Hills","2008","Colin Wells","Nested"
"400042","Fannich Hills","2015","Peak Ecology Ltd","Nested"
"400043","Flow Country","2005","Alistair Headley","Systematic"
"400018","Ben Wyvis","2013","Quadrat Scotland","Random"
"400037","Druim Na Coibe","2011","SNH","Random"
"400067","Strathglass Complex","2009","Alistair Headley","Random"
"400086","Cairnwell","2015","Haycock & Jay","Random"
"400049","Foinaven","2005","Janine Moris","Nested"
"400050","Foinaven","2010","Dayton & O'Hanrahan","Nested"
"400051","Foinaven","2015","Colin Wells","Nested"
"400052","Forest Of Clunie","2006","Anneke Stolte","Random"
"400053","Glen Callater","2015","Haycock & Jay","Nested"
"400054","Inverpolly","2007","Janine Moris","Random"
"400055","Inverpolly","2015","Ruth Maier","Random"
"400056","Inverpolly","2013","Quadrat Scotland","Random"
"400057","Loch Meadie Peatlands","2011","SNH","Random"
"400058","Lon Leanachain","2016","Cathy Mayne","Random"
"400059","Monadhliath","2009","Alistair Headley","Random"
"400060","Monadhliath","2005","Quadrat Scotland","Random"
"400061","North Harris","2011","Alistair Headley","Nested"
"400062","Rum","2008","Quadrat Scotland","Random"
"400063","Rum","2011","Quadrat Scotland","Random"
"400064","Rum","2014","Quadrat Scotland","Random"
"400065","Rum","2017","Quadrat","Random"
"400066","Strathglass Complex","2004","Brendan O'Hanrahan","Random"
"400068","Strathglass Complex","2016","(unknown)","Random"
"400072","Torridon Forest","2012","Strath Caulaidh","Systematic"
"400073","Breadalbane Hills","2007","Quadrat Scotland","Nested"
"400076","Breadalbane Hills","2011","Quadrat Scotland","Nested"
"400078","Breadalbane Hills","2014","Quadrat Scotland","Nested"
"400084","Cairnwell","2008","Alistair Headley","Random"
"400085","Cairnwell","2012","Alistair Headley","Nested"
"400087","Glen Callater","2008","Alistair Headley","Nested"
"400088","Glen Callater","2012","Alistair Headley","Nested"
"400090","Rassal","2008","Viv Halcrow","Random"
"400091","Ardmeanach","2008","Quadrat Scotland","Random"
"400092","Coire Bhachdaidh","2008","Alistair Headley","Random"
"400093","Glas Tulaichean","2008","Alistair Headley","Random"
"400094","Strath","2008","Great Glen Ecology","Random"
"400095","Ben More - Stob Binnein","2006","Alistair Headley","Random"
